{
  "Name": "Waymaker",
  "Version": "1.0.6",
  "Factory Info": {
    "Vendor": "Aqeel Aadam Sound",
    "URL": "aqeelaadam.com",
    "E-Mail": "aqeelaadammusic@gmail.com",
    "Flags": {
      "Unicode": true,
      "Classes Discardable": false,
      "Component Non Discardable": false,
    },
  },
  "Classes": [
    {
      "CID": "ABCDEF019182FAEB417161734161776D",
      "Category": "Audio Module Class",
      "Name": "Waymaker",
      "Vendor": "Aqeel Aadam Sound",
      "Version": "1.0.6",
      "SDKVersion": "VST 3.7.12",
      "Sub Categories": [
        "Instrument",
        "Generator",
      ],
      "Class Flags": 0,
      "Cardinality": 2147483647,
      "Snapshots": [
      ],
    },
    {
      "CID": "ABCDEF011234ABCD417161734161776D",
      "Category": "Component Controller Class",
      "Name": "Waymaker",
      "Vendor": "Aqeel Aadam Sound",
      "Version": "1.0.6",
      "SDKVersion": "VST 3.7.12",
      "Sub Categories": [
        "Instrument",
        "Generator",
      ],
      "Class Flags": 0,
      "Cardinality": 2147483647,
      "Snapshots": [
      ],
    },
  ],
}
