{
  "Name": "Weeping Wall",
  "Version": "1.5.3",
  "Factory Info": {
    "Vendor": "Aqeel Aadam Sound",
    "URL": "aqeelaadam.com",
    "E-Mail": "aqeelaadammusic@gmail.com",
    "Flags": {
      "Unicode": true,
      "Classes Discardable": false,
      "Component Non Discardable": false,
    },
  },
  "Classes": [
    {
      "CID": "ABCDEF019182FAEB4171617341617777",
      "Category": "Audio Module Class",
      "Name": "Weeping Wall",
      "Vendor": "Aqeel Aadam Sound",
      "Version": "1.5.3",
      "SDKVersion": "VST 3.7.12",
      "Sub Categories": [
        "Fx",
      ],
      "Class Flags": 0,
      "Cardinality": 2147483647,
      "Snapshots": [
      ],
    },
    {
      "CID": "ABCDEF011234ABCD4171617341617777",
      "Category": "Component Controller Class",
      "Name": "Weeping Wall",
      "Vendor": "Aqeel Aadam Sound",
      "Version": "1.5.3",
      "SDKVersion": "VST 3.7.12",
      "Sub Categories": [
        "Fx",
      ],
      "Class Flags": 0,
      "Cardinality": 2147483647,
      "Snapshots": [
      ],
    },
  ],
}
